{
  "BranchID": "02001",
  "ControlNo": "1000000",
  "Status": "0",
  "ReturnInvalids": "0",
  "IncomingDataXML": "<DS_BulkTrxPosting><dt_BulkTrxPosting>
<SerialNo>33318</SerialNo><OurBranchID>02001</OurBranchID><AccountID>9002000072104</AccountID><TrxDescriptionID>104</TrxDescriptionID>
<TrxDescription>Basic Salary</TrxDescription><TrxAmount>-1000.00</TrxAmount></dt_BulkTrxPosting><dt_BulkTrxPosting>
<SerialNo>33318</SerialNo><OurBranchID>02001</OurBranchID><AccountID>1000000</AccountID><TrxDescriptionID>104</TrxDescriptionID>
<TrxDescription>Salary Control Account Cr</TrxDescription><TrxAmount>1000.00</TrxAmount></dt_BulkTrxPosting></DS_BulkTrxPosting>"
}

{
  "ProductID": "372201",
  "Address1": "123 Kisumu",
  "CityID": "DLA",
  "CountryID": "CMR",
  "Phone2": "",
  "Mobile": "070000000",
  "EmailID": "email@email.com",
  "TitleID": "M",
  "FirstName": "Maturi",
  "LastName": "Kevin",
  "MiddleName": "Mainye",
  "GenderID": "M",
  "NationalityID": "CMR",
  "DateOfBirth": "31/10/1983",
  "PassportNo": "8128828",
  "IdentificationTypeID": "PP",
  "IntroducerMobile": "",
  "Occupation": "",
  "ClientTypeID": "I",
  "CompanyName": "",
  "photo": "",
  "IdFront": "",
  "IdBack": "",
  "signature": "",
  "OurBranchID": "01000",
  "PassportIssuedCityID": "DLA",
  "PassportExpiryDate": "12/12/2020",
  "ID1": "",
  "NewRecord": "2"
}

go
begin tran
exec p_AddEditAccountCustomersOmni @ProductID=N'372201',@Address1=N'123 Kisumu',@CityID=N'DLA',@CountryID=N'CMR',@Phone2=N'',@Mobile=N'070000000',@EmailID=N'email@email.com',@TitleID=N'M',@FirstName=N'Maturi',@LastName=N'Kevin',@MiddleName=N'Mainye',@GenderID=N'M',@NationalityID=N'CMR',@DateOfBirth=N'31/10/1983',@PassportNo=N'8128828',@IdentificationTypeID=N'PP',@IntroducerMobile=N'',@Occupation=N'',@ClientTypeID=N'I',@CompanyName=N'',@photo=N'',@IdFront=N'',@IdBack=N'',@signature=N'',@OurBranchID=N'01000',@PassportIssuedCityID=N'DLA',@PassportExpiryDate=N'12/12/2020',@ID1=N'',@NewRecord=N'1',@AccountID=N''
rollback tran

/*
                          {
                "SessionID":"O9XLD1UrzvL4rnIVXy55YiAvmrFpzrEelpJgWJmOPyFgB59HjsQSJm36tqGKM13XvJAaBpr+Oud8wfvExeb22wR77KS871hsmr/XpA+Rd6/UgIbsNwUgUQ==",
                "AccountID":"",
                "ProductID":"CAC06",
                "ID1":"23423434",
                "ClientID":"",
                "Name":"customer A",
                "Address1":"box 123 nrb",
                "CityID":"nairobi",
                "CountryID":"KE",
                "Phone2":"8383838",
                "Mobile":"25471234567",
                "EmailID":"test@email.com",
                "OurBranchID":"3001",
                "TitleID":"MR",
                "FirstName":"firstname",
                "LastName":"lastname",
                "MiddleName":"lastname",
                "GenderID":"M",
                "NationalityID":"Kenyan",
                "DateOfBirth":"11 oct 2017",
                "PassportNo":"A4999888",
                "IdentificationTypeID":"Passport",
                "IntroducerMobile":"0722123456",
                "Occupation":"engineer",
                "ClientTypeID":"C",
                "CompanyName":"company A",
                "PassportIssuedCityID":"",
                "PassportExpiryDate":""
                }
             */